https://statics.boyner.com.tr/contents/images/bf-erkek-drop.jpg,1295,83,43019,0
https://statics.boyner.com.tr/contents/images/kelebek-ev-yasam-drop.jpg,1295,83,46799,0
https://statics.boyner.com.tr/mnresize/900/1254/productimages/5002425512_452_05.jpg,900,1233,261452,1
https://statics.boyner.com.tr/contents/images/bf-anne-cocuk-drop.jpg,1295,83,47588,0
https://statics.boyner.com.tr/mnresize/900/1254/productimages/5002425512_452_01.jpg,900,1233,330564,1
https://statics.boyner.com.tr/staticfiles/images/bonus-banner.png,140,50,4889,0
https://statics.boyner.com.tr/contents/images/bf-kadin-drop.jpg,1295,83,42915,0
https://statics.boyner.com.tr/staticfiles/images/axess-banner.png,140,50,2177,0
https://statics.boyner.com.tr/staticfiles/images/cardfinans-banner.png,140,50,3488,0
https://statics.boyner.com.tr/contents/images/bf-ayakkabi-canta-drop.jpg,1295,83,46764,0
https://statics.boyner.com.tr/staticfiles/v2/images/boyner.svg,-1,-1,4110,0
https://statics.boyner.com.tr/contents/images/bf-spor-drop.jpg,1295,83,46953,0
https://statics.boyner.com.tr/staticfiles/images/comodosecurty@2x.png,126,70,4605,0
https://statics.boyner.com.tr/mnresize/97/135/productimages/5002425512_452_03.jpg,97,132,25146,0
https://statics.boyner.com.tr/staticfiles/images/paraf-banner.png,140,50,2718,0
https://statics.boyner.com.tr/staticfiles/v2/images/boyner.svg,-1,-1,4110,0
https://statics.boyner.com.tr/mnresize/97/135/productimages/5002425512_452_01.jpg,97,132,28341,0
https://www.facebook.com/tr?id=1503645403258169&ev=PageView&noscript=1,1,1,44,0
https://statics.boyner.com.tr/staticfiles/images/boynergrup.svg,-1,-1,15571,0
https://statics.boyner.com.tr/contents/images/bannerlar/drop-bant-outlet-v2(1).jpg,1295,83,30097,0
https://statics.boyner.com.tr/mnresize/97/135/productimages/5002425512_452_09.jpg,97,132,26416,0
https://statics.boyner.com.tr/contents/images/bf-kozmetik-drop.jpg,1295,83,46428,0
https://statics.boyner.com.tr/mnresize/97/135/productimages/5002425512_452_05.jpg,97,132,26388,0
https://statics.boyner.com.tr/staticfiles/images/maximum-banner.png,140,50,3043,0
https://statics.boyner.com.tr/contents/images/bf-aksesuar-drop.jpg,1295,83,42786,0
https://statics.boyner.com.tr/mnresize/900/1254/productimages/5002425512_452_03.jpg,900,1233,169587,1
https://statics.boyner.com.tr/staticfiles/images/world-banner.png,140,50,2269,0
https://statics.boyner.com.tr/staticfiles/images/advantage-banner.png,140,50,2515,0
https://statics.boyner.com.tr/contents/images/bf-erkek-drop.jpg,1295,83,43019,0
https://statics.boyner.com.tr/contents/images/kelebek-ev-yasam-drop.jpg,1295,83,46799,0
https://statics.boyner.com.tr/mnresize/97/135/productimages/5002462073_411_04.jpg,97,132,26322,0
https://statics.boyner.com.tr/mnresize/97/135/productimages/5002462073_411_09.jpg,97,132,26110,0
https://statics.boyner.com.tr/mnresize/900/1254/productimages/5002462073_411_02.jpg,900,1233,403343,1
https://statics.boyner.com.tr/contents/images/bf-anne-cocuk-drop.jpg,1295,83,47588,0
https://statics.boyner.com.tr/staticfiles/images/bonus-banner.png,140,50,4889,0
https://statics.boyner.com.tr/mnresize/900/1254/productimages/5002462073_411_01.jpg,900,1233,249450,1
https://statics.boyner.com.tr/contents/images/bf-kadin-drop.jpg,1295,83,42915,0
https://statics.boyner.com.tr/staticfiles/images/axess-banner.png,140,50,2177,0
https://statics.boyner.com.tr/mnresize/97/135/productimages/5002462073_411_03.jpg,97,132,25508,0
https://statics.boyner.com.tr/staticfiles/images/cardfinans-banner.png,140,50,3488,0
https://statics.boyner.com.tr/contents/images/bf-ayakkabi-canta-drop.jpg,1295,83,46764,0
https://statics.boyner.com.tr/staticfiles/v2/images/boyner.svg,-1,-1,4110,0
https://statics.boyner.com.tr/contents/images/bf-spor-drop.jpg,1295,83,46953,0
https://statics.boyner.com.tr/staticfiles/images/comodosecurty@2x.png,126,70,4605,0
https://statics.boyner.com.tr/mnresize/97/135/productimages/5002462073_411_02.jpg,97,132,27109,0
https://statics.boyner.com.tr/staticfiles/images/paraf-banner.png,140,50,2718,0
https://statics.boyner.com.tr/mnresize/900/1254/productimages/5002462073_411_01.jpg,900,1233,249450,1
https://statics.boyner.com.tr/staticfiles/v2/images/boyner.svg,-1,-1,4110,0
https://www.facebook.com/tr?id=1503645403258169&ev=PageView&noscript=1,1,1,44,0
https://statics.boyner.com.tr/staticfiles/images/boynergrup.svg,-1,-1,15571,0
https://statics.boyner.com.tr/contents/images/bannerlar/drop-bant-outlet-v2(1).jpg,1295,83,30097,0
https://image.useinsider.com/boyner/c1570/yMdPE8IoNYC53KtIwLYp1540474373.svg,-1,-1,754,0
https://statics.boyner.com.tr/contents/images/bf-kozmetik-drop.jpg,1295,83,46428,0
https://statics.boyner.com.tr/mnresize/97/135/productimages/5002462073_411_08.jpg,97,132,28690,0
https://statics.boyner.com.tr/mnresize/97/135/productimages/5002462073_411_01.jpg,97,132,28844,0
https://statics.boyner.com.tr/staticfiles/images/maximum-banner.png,140,50,3043,0
https://statics.boyner.com.tr/contents/images/bf-aksesuar-drop.jpg,1295,83,42786,0
https://statics.boyner.com.tr/staticfiles/images/world-banner.png,140,50,2269,0
https://statics.boyner.com.tr/staticfiles/images/advantage-banner.png,140,50,2515,0
https://statics.boyner.com.tr/contents/images/bf-erkek-drop.jpg,1295,83,43019,0
https://statics.boyner.com.tr/contents/images/kelebek-ev-yasam-drop.jpg,1295,83,46799,0
https://statics.boyner.com.tr/contents/images/bf-anne-cocuk-drop.jpg,1295,83,47588,0
https://statics.boyner.com.tr/staticfiles/images/bonus-banner.png,140,50,4889,0
https://statics.boyner.com.tr/contents/images/bf-kadin-drop.jpg,1295,83,42915,0
https://statics.boyner.com.tr/mnresize/97/135/productimages/5002486676_022_05.jpg,97,132,26154,0
https://statics.boyner.com.tr/staticfiles/images/axess-banner.png,140,50,2177,0
https://statics.boyner.com.tr/staticfiles/images/cardfinans-banner.png,140,50,3488,0
https://statics.boyner.com.tr/mnresize/97/135/productimages/5002486676_022_01.jpg,97,132,32135,0
https://statics.boyner.com.tr/contents/images/bf-ayakkabi-canta-drop.jpg,1295,83,46764,0
https://statics.boyner.com.tr/staticfiles/v2/images/boyner.svg,-1,-1,4110,0
https://statics.boyner.com.tr/contents/images/bf-spor-drop.jpg,1295,83,46953,0
https://statics.boyner.com.tr/mnresize/97/135/productimages/5002486676_022_08.jpg,97,132,29141,0
https://statics.boyner.com.tr/staticfiles/images/comodosecurty@2x.png,126,70,4605,0
https://statics.boyner.com.tr/staticfiles/images/paraf-banner.png,140,50,2718,0
https://statics.boyner.com.tr/mnresize/900/1254/productimages/5002486676_022_05.jpg,900,1233,182583,1
https://statics.boyner.com.tr/mnresize/97/135/productimages/5002486676_022_11.jpg,97,132,29760,0
https://statics.boyner.com.tr/staticfiles/v2/images/boyner.svg,-1,-1,4110,0
https://www.facebook.com/tr?id=1503645403258169&ev=PageView&noscript=1,1,1,44,0
https://statics.boyner.com.tr/mnresize/900/1254/productimages/5002486676_022_08.jpg,900,1233,352003,1
https://statics.boyner.com.tr/staticfiles/images/boynergrup.svg,-1,-1,15571,0
https://statics.boyner.com.tr/contents/images/bannerlar/drop-bant-outlet-v2(1).jpg,1295,83,30097,0
https://image.useinsider.com/boyner/c1570/yMdPE8IoNYC53KtIwLYp1540474373.svg,-1,-1,754,0
https://statics.boyner.com.tr/contents/images/bf-kozmetik-drop.jpg,1295,83,46428,0
https://statics.boyner.com.tr/mnresize/97/135/productimages/5002486676_022_33.jpg,97,132,28100,0
https://statics.boyner.com.tr/staticfiles/images/maximum-banner.png,140,50,3043,0
https://statics.boyner.com.tr/contents/images/bf-aksesuar-drop.jpg,1295,83,42786,0
https://statics.boyner.com.tr/staticfiles/images/world-banner.png,140,50,2269,0
https://statics.boyner.com.tr/staticfiles/images/advantage-banner.png,140,50,2515,0
