https://static.dsmcdn.com/frontend/web/production/placeholderSmall.png,230,142,1248,0
https://www.trendyol.com/Resources/images/svg/rating-and-review-big-star-orange.svg,-1,-1,596,0
https://img-trendyol.mncdn.com/mnresize/415/622/Assets/ProductImages/oa/60/2815529/1/8681999084305_1_org_zoom.jpg,415,622,32895,1
https://img-trendyol.mncdn.com/Assets/ProductImages/oa/60/2815529/1/8681999084305_1_org.jpg,287,430,23254,0
https://www.trendyol.com/Resources/images/svg/rating-and-review-big-star-orange.svg,-1,-1,596,0
https://img-trendyol.mncdn.com/Assets/ProductImages/oa/60/4826858/1/8680126652035_2_org.jpg,287,430,35710,0
https://img-trendyol.mncdn.com/mnresize/415/622/Assets/ProductImages/oa/60/4826858/1/8680126652035_1_org_zoom.jpg,415,622,45187,1
https://img-trendyol.mncdn.com/Assets/ProductImages/oa/60/4826858/1/8680126652035_3_org.jpg,287,430,29604,0
https://img-trendyol.mncdn.com/Assets/ProductImages/oa/60/4826858/1/8680126652035_4_org.jpg,287,430,30291,0
https://www.trendyol.com/Content/images/defaultThumb.jpg,430,645,11442,0
https://static.dsmcdn.com/frontend/web/production/placeholderSmall.png,230,142,1248,0
https://img-trendyol.mncdn.com/Assets/ProductImages/oa/60/4826858/1/8680126652035_1_org.jpg,287,430,34784,0
https://img-trendyol.mncdn.com/assets/product/images/1869/51525246/1/1_org.jpg,287,430,7832,0
https://www.trendyol.com/Resources/images/svg/rating-and-review-big-star-orange.svg,-1,-1,596,0
https://img-trendyol.mncdn.com/assets/product/media/images/20191010/9/355953/57374064/1/1_org.jpg,287,430,7965,0
https://img-trendyol.mncdn.com/assets/product/media/images/20191010/9/355953/57374068/1/1_org.jpg,287,430,7086,0
https://img-trendyol.mncdn.com/assets/product/media/images/20191010/9/355953/57374065/1/1_org.jpg,287,430,6156,0
https://img-trendyol.mncdn.com/assets/product/media/images/20191010/9/355953/57374074/1/1_org.jpg,287,430,8797,0
https://static.dsmcdn.com/frontend/web/production/placeholderSmall.png,230,142,1248,0
https://img-trendyol.mncdn.com/assets/product/media/images/20191010/9/355953/57374065/1/1_org.jpg,287,430,6156,0
https://img-trendyol.mncdn.com/assets/product/images/1869/51525646/1/1_org.jpg,287,430,9630,0
https://img-trendyol.mncdn.com/assets/product/images/1869/51525746/1/1_org.jpg,287,430,7110,0
https://img-trendyol.mncdn.com/assets/product/media/images/20191010/9/355953/57374066/1/1_org.jpg,287,430,8713,0
https://img-trendyol.mncdn.com/assets/product/media/images/20191010/9/355953/57374062/1/1_org.jpg,287,430,6320,0
https://img-trendyol.mncdn.com/assets/product/media/images/20191010/9/355953/57374259/1/1_org.jpg,287,430,7290,0
https://img-trendyol.mncdn.com/assets/product/media/images/20191010/9/355953/57374067/1/1_org.jpg,287,430,5980,0
https://img-trendyol.mncdn.com/assets/product/media/images/20191010/9/355953/57374072/1/1_org.jpg,287,430,9095,0
https://img-trendyol.mncdn.com/assets/product/images/1869/51525296/1/1_org.jpg,287,430,8610,0
https://img-trendyol.mncdn.com/mnresize/415/622/assets/product/media/images/20191010/9/355953/57374065/1/1_org_zoom.jpg,415,622,10531,1
https://img-trendyol.mncdn.com/assets/product/media/images/20191010/9/355953/57374071/1/1_org.jpg,287,430,7241,0
https://img-trendyol.mncdn.com/assets/product/images/1869/51525096/1/1_org.jpg,287,430,7946,0
https://img-trendyol.mncdn.com/assets/product/media/images/20191010/9/355953/57374257/1/1_org.jpg,287,430,7110,0
https://img-trendyol.mncdn.com/assets/product/images/1869/51525596/1/1_org.jpg,287,430,7533,0
https://img-trendyol.mncdn.com/assets/product/images/1869/51525696/1/1_org.jpg,287,430,7746,0
https://img-trendyol.mncdn.com/assets/product/images/1869/51525146/1/1_org.jpg,287,430,8024,0
https://www.trendyol.com/Resources/images/svg/rating-and-review-big-star-orange.svg,-1,-1,596,0
https://img-trendyol.mncdn.com/mnresize/415/622/Assets/ProductImages/oa/60/2665082/1/8692241152208_1_org_zoom.jpg,415,622,19429,1
https://img-trendyol.mncdn.com/Assets/ProductImages/oa/60/2665082/1/8692241152208_2_org.jpg,287,430,12318,0
https://static.dsmcdn.com/frontend/web/production/placeholderSmall.png,230,142,1248,0
https://img-trendyol.mncdn.com/Assets/ProductImages/oa/60/2665082/1/8692241152208_1_org.jpg,287,430,12714,0
https://www.trendyol.com/Content/images/defaultThumb.jpg,430,645,11442,0
https://img-trendyol.mncdn.com/mnresize/415/622/assets/product/media/images/20191007/12/334649/17634782/1/1_org_zoom.jpg,415,622,13545,1
https://www.trendyol.com/Resources/images/svg/rating-and-review-big-star-orange.svg,-1,-1,596,0
https://www.trendyol.com/Content/images/defaultThumb.jpg,430,645,11442,0
https://static.dsmcdn.com/frontend/web/production/placeholderSmall.png,230,142,1248,0
https://img-trendyol.mncdn.com/assets/product/media/images/20191007/12/334649/17634782/1/1_org.jpg,287,430,7909,0
https://img-trendyol.mncdn.com/mnresize/415/622/assets/product/media/images/20191114/11/610530/58807344/9/9_org_zoom.jpg,415,622,11445,1
https://www.trendyol.com/Resources/images/svg/rating-and-review-big-star-orange.svg,-1,-1,596,0
https://img-trendyol.mncdn.com/assets/product/media/images/20191114/11/610530/58807344/9/9_org.jpg,287,430,6459,0
https://img-trendyol.mncdn.com/assets/product/media/images/20191114/11/610530/58807344/9/9_org.jpg,287,430,6459,0
https://img-trendyol.mncdn.com/assets/product/media/images/20191114/11/610530/58807343/9/9_org.jpg,287,430,6765,0
https://img-trendyol.mncdn.com/assets/product/media/images/20191114/13/610588/58807344/1/1_org.jpg,287,430,6228,0
https://static.dsmcdn.com/frontend/web/production/placeholderSmall.png,230,142,1248,0
https://img-trendyol.mncdn.com/assets/product/media/images/20191114/13/610588/58807344/2/2_org.jpg,287,430,8720,0
https://img-trendyol.mncdn.com/Assets/ProductImages/oa/60/4404976/1/8690100000821_3_org.jpg,287,430,16842,0
https://img-trendyol.mncdn.com/Assets/ProductImages/oa/60/4404976/1/8690100000821_4_org.jpg,287,430,21293,0
https://img-trendyol.mncdn.com/mnresize/415/622/Assets/ProductImages/oa/60/4404976/1/8690100000821_1_org_zoom.jpg,415,622,27716,1
https://www.trendyol.com/Content/images/defaultThumb.jpg,430,645,11442,0
https://static.dsmcdn.com/frontend/web/production/placeholderSmall.png,230,142,1248,0
https://img-trendyol.mncdn.com/Assets/ProductImages/oa/60/4404976/1/8690100000821_2_org.jpg,287,430,16733,0
https://img-trendyol.mncdn.com/Assets/ProductImages/oa/60/4404976/1/8690100000821_1_org.jpg,287,430,20238,0
https://www.trendyol.com/Content/images/defaultThumb.jpg,430,645,11442,0
https://www.trendyol.com/Resources/images/svg/rating-and-review-big-star-orange.svg,-1,-1,596,0
https://img-trendyol.mncdn.com/assets/product/images2/20190918/14/248956/56688345/1/1_org.jpg,287,430,10463,0
https://static.dsmcdn.com/frontend/web/production/placeholderSmall.png,230,142,1248,0
https://img-trendyol.mncdn.com/assets/product/images2/20190918/14/248956/56688345/4/4_org.jpg,287,430,15107,0
https://img-trendyol.mncdn.com/assets/product/images2/20190918/14/248956/56688345/2/2_org.jpg,287,430,9851,0
https://img-trendyol.mncdn.com/assets/product/images2/20190918/14/248956/56688345/3/3_org.jpg,287,430,9242,0
https://www.trendyol.com/Content/images/defaultThumb.jpg,430,645,11442,0
https://img-trendyol.mncdn.com/mnresize/415/622/assets/product/images2/20190918/14/248956/56688345/1/1_org_zoom.jpg,415,622,17281,1
https://www.trendyol.com/Resources/images/svg/rating-and-review-big-star-orange.svg,-1,-1,596,0
https://img-trendyol.mncdn.com/Assets/ProductImages/oa/60/4463329/1/BRK2077_2_org.jpg,287,430,31251,0
https://img-trendyol.mncdn.com/Assets/ProductImages/oa/60/4463329/1/BRK2077_1_org.jpg,287,430,37018,0
https://img-trendyol.mncdn.com/Assets/ProductImages/oa/60/4463329/1/BRK2077_3_org.jpg,287,430,33786,0
https://www.trendyol.com/Content/images/defaultThumb.jpg,430,645,11442,0
https://img-trendyol.mncdn.com/Assets/ProductImages/oa/60/4390865/1/8690089071509_1_org.jpg,287,430,8355,0
https://static.dsmcdn.com/frontend/web/production/placeholderSmall.png,230,142,1248,0
https://img-trendyol.mncdn.com/mnresize/415/622/Assets/ProductImages/oa/60/4463329/1/BRK2077_1_org_zoom.jpg,415,622,48175,1
https://www.trendyol.com/Content/images/defaultThumb.jpg,430,645,11442,0
https://www.trendyol.com/Resources/images/svg/rating-and-review-big-star-orange.svg,-1,-1,596,0
https://img-trendyol.mncdn.com/Assets/ProductImages/oa/60/4463329/1/BRK2077_1_org.jpg,287,430,37018,0
https://img-trendyol.mncdn.com/Assets/ProductImages/oa/60/4463329/1/BRK2077_4_org.jpg,287,430,34849,0
https://www.trendyol.com/Content/images/defaultThumb.jpg,430,645,11442,0
https://static.dsmcdn.com/frontend/web/production/placeholderSmall.png,230,142,1248,0
https://img-trendyol.mncdn.com/mnresize/415/622/assets/product/media/images/20191007/12/334649/17634782/1/1_org_zoom.jpg,415,622,13545,1
https://img-trendyol.mncdn.com/assets/product/media/images/20191007/12/334649/17634782/1/1_org.jpg,287,430,7909,0
https://www.trendyol.com/Resources/images/svg/rating-and-review-big-star-orange.svg,-1,-1,596,0
https://www.trendyol.com/Content/images/defaultThumb.jpg,430,645,11442,0
https://img-trendyol.mncdn.com/Assets/ProductImages/oa/60/4826859/1/8680126652127_4_org.jpg,287,430,31167,0
https://static.dsmcdn.com/frontend/web/production/placeholderSmall.png,230,142,1248,0
https://img-trendyol.mncdn.com/Assets/ProductImages/oa/60/4826859/1/8680126652127_3_org.jpg,287,430,29624,0
https://img-trendyol.mncdn.com/mnresize/415/622/Assets/ProductImages/oa/60/4826859/1/8680126652127_1_org_zoom.jpg,415,622,46116,1
https://www.trendyol.com/Resources/images/svg/rating-and-review-big-star-orange.svg,-1,-1,596,0
https://img-trendyol.mncdn.com/Assets/ProductImages/oa/60/4826859/1/8680126652127_1_org.jpg,287,430,35827,0
https://img-trendyol.mncdn.com/Assets/ProductImages/oa/60/4826859/1/8680126652127_2_org.jpg,287,430,36070,0
https://img-trendyol.mncdn.com/assets/product/media/images/20191001/9/275088/57002495/1/1_org.jpg,287,430,20511,0
https://img-trendyol.mncdn.com/assets/product/media/images/20191001/9/275088/57002495/4/4_org.jpg,287,430,36230,0
https://www.trendyol.com/Content/images/defaultThumb.jpg,430,645,11442,0
https://static.dsmcdn.com/frontend/web/production/placeholderSmall.png,230,142,1248,0
https://img-trendyol.mncdn.com/assets/product/media/images/20191001/9/275088/57002495/3/3_org.jpg,287,430,20384,0
https://img-trendyol.mncdn.com/assets/product/media/images/20191001/9/275088/57002495/2/2_org.jpg,287,430,5812,0
https://www.trendyol.com/Resources/images/svg/rating-and-review-big-star-orange.svg,-1,-1,596,0
https://img-trendyol.mncdn.com/mnresize/415/622/assets/product/media/images/20191001/9/275088/57002495/1/1_org_zoom.jpg,415,622,31355,1
https://img-trendyol.mncdn.com/assets/product/media/images/20190924/15/258712/56911072/2/2_org.jpg,287,430,20362,0
https://www.trendyol.com/Content/images/defaultThumb.jpg,430,645,11442,0
https://img-trendyol.mncdn.com/assets/product/media/images/20190924/15/258712/56911072/1/1_org.jpg,287,430,5986,0
https://static.dsmcdn.com/frontend/web/production/placeholderSmall.png,230,142,1248,0
https://img-trendyol.mncdn.com/mnresize/415/622/assets/product/media/images/20190924/15/258712/56911072/1/1_org_zoom.jpg,415,622,9669,1
https://img-trendyol.mncdn.com/assets/product/media/images/20190924/15/258712/56911072/4/4_org.jpg,287,430,35544,0
https://img-trendyol.mncdn.com/assets/product/media/images/20190924/15/258712/56911072/3/3_org.jpg,287,430,16108,0
https://www.trendyol.com/Resources/images/svg/rating-and-review-big-star-orange.svg,-1,-1,596,0
https://img-trendyol.mncdn.com/assets/product/media/images/20191114/11/610530/58807344/9/9_org.jpg,287,430,6459,0
https://img-trendyol.mncdn.com/assets/product/media/images/20191114/11/610530/58807344/9/9_org.jpg,287,430,6459,0
https://img-trendyol.mncdn.com/assets/product/media/images/20191114/13/610588/58807344/1/1_org.jpg,287,430,6228,0
https://static.dsmcdn.com/frontend/web/production/placeholderSmall.png,230,142,1248,0
https://img-trendyol.mncdn.com/assets/product/media/images/20191114/11/610530/58807343/9/9_org.jpg,287,430,6765,0
https://img-trendyol.mncdn.com/assets/product/media/images/20191114/13/610588/58807344/2/2_org.jpg,287,430,8720,0
https://www.trendyol.com/Resources/images/svg/rating-and-review-big-star-orange.svg,-1,-1,596,0
https://img-trendyol.mncdn.com/mnresize/415/622/assets/product/media/images/20191114/11/610530/58807344/9/9_org_zoom.jpg,415,622,11445,1
https://www.trendyol.com/Content/images/defaultThumb.jpg,430,645,11442,0
https://static.dsmcdn.com/frontend/web/production/placeholderSmall.png,230,142,1248,0
https://img-trendyol.mncdn.com/mnresize/415/622/Assets/ProductImages/oa/60/4826858/1/8680126652035_1_org_zoom.jpg,415,622,45187,1
https://img-trendyol.mncdn.com/Assets/ProductImages/oa/60/4826858/1/8680126652035_4_org.jpg,287,430,30291,0
https://img-trendyol.mncdn.com/Assets/ProductImages/oa/60/4826858/1/8680126652035_3_org.jpg,287,430,29604,0
https://www.trendyol.com/Resources/images/svg/rating-and-review-big-star-orange.svg,-1,-1,596,0
https://img-trendyol.mncdn.com/Assets/ProductImages/oa/60/4826858/1/8680126652035_2_org.jpg,287,430,35710,0
https://img-trendyol.mncdn.com/Assets/ProductImages/oa/60/4826858/1/8680126652035_1_org.jpg,287,430,34784,0
https://img-trendyol.mncdn.com/assets/product/media/images/20191010/9/355953/57374065/1/1_org.jpg,287,430,6156,0
https://img-trendyol.mncdn.com/assets/product/media/images/20191010/9/355953/57374074/1/1_org.jpg,287,430,8797,0
https://img-trendyol.mncdn.com/assets/product/media/images/20191010/9/355953/57374064/1/1_org.jpg,287,430,7965,0
https://img-trendyol.mncdn.com/assets/product/images/1869/51525746/1/1_org.jpg,287,430,7110,0
https://img-trendyol.mncdn.com/assets/product/media/images/20191010/9/355953/57374062/1/1_org.jpg,287,430,6320,0
https://img-trendyol.mncdn.com/assets/product/media/images/20191010/9/355953/57374257/1/1_org.jpg,287,430,7110,0
https://img-trendyol.mncdn.com/assets/product/images/1869/51525646/1/1_org.jpg,287,430,9630,0
https://img-trendyol.mncdn.com/assets/product/images/1869/51525696/1/1_org.jpg,287,430,7746,0
https://img-trendyol.mncdn.com/assets/product/media/images/20191010/9/355953/57374259/1/1_org.jpg,287,430,7290,0
https://img-trendyol.mncdn.com/assets/product/images/1869/51525096/1/1_org.jpg,287,430,7946,0
https://img-trendyol.mncdn.com/assets/product/images/1869/51525596/1/1_org.jpg,287,430,7533,0
https://www.trendyol.com/Resources/images/svg/rating-and-review-big-star-orange.svg,-1,-1,596,0
https://img-trendyol.mncdn.com/assets/product/media/images/20191010/9/355953/57374068/1/1_org.jpg,287,430,7086,0
https://img-trendyol.mncdn.com/assets/product/media/images/20191010/9/355953/57374072/1/1_org.jpg,287,430,9095,0
https://img-trendyol.mncdn.com/assets/product/images/1869/51525246/1/1_org.jpg,287,430,7832,0
https://img-trendyol.mncdn.com/assets/product/media/images/20191010/9/355953/57374066/1/1_org.jpg,287,430,8713,0
https://img-trendyol.mncdn.com/assets/product/media/images/20191010/9/355953/57374067/1/1_org.jpg,287,430,5980,0
https://img-trendyol.mncdn.com/mnresize/415/622/assets/product/media/images/20191010/9/355953/57374067/1/1_org_zoom.jpg,415,622,10447,1
https://img-trendyol.mncdn.com/assets/product/images/1869/51525296/1/1_org.jpg,287,430,8610,0
https://img-trendyol.mncdn.com/assets/product/media/images/20191010/9/355953/57374071/1/1_org.jpg,287,430,7241,0
https://img-trendyol.mncdn.com/assets/product/media/images/20191010/9/355953/57374067/1/1_org.jpg,287,430,5980,0
https://img-trendyol.mncdn.com/assets/product/images/1869/51525146/1/1_org.jpg,287,430,8024,0
https://static.dsmcdn.com/frontend/web/production/placeholderSmall.png,230,142,1248,0
https://img-trendyol.mncdn.com/mnresize/415/622/assets/product/media/images/20191114/11/610530/58807343/9/9_org_zoom.jpg,415,622,11667,1
https://img-trendyol.mncdn.com/assets/product/media/images/20191114/11/610530/58807344/9/9_org.jpg,287,430,6459,0
https://www.trendyol.com/Content/images/defaultThumb.jpg,430,645,11442,0
https://static.dsmcdn.com/frontend/web/production/placeholderSmall.png,230,142,1248,0
https://img-trendyol.mncdn.com/assets/product/media/images/20191114/11/610530/58807343/9/9_org.jpg,287,430,6765,0
https://img-trendyol.mncdn.com/assets/product/media/images/20191114/13/610588/58807343/1/1_org.jpg,287,430,8720,0
https://img-trendyol.mncdn.com/assets/product/media/images/20191114/11/610530/58807343/9/9_org.jpg,287,430,6765,0
https://img-trendyol.mncdn.com/assets/product/media/images/20191114/13/610588/58807343/2/2_org.jpg,287,430,6228,0
https://www.trendyol.com/Resources/images/svg/rating-and-review-big-star-orange.svg,-1,-1,596,0
https://www.trendyol.com/Content/images/defaultThumb.jpg,430,645,11442,0
https://static.dsmcdn.com/frontend/web/production/placeholderSmall.png,230,142,1248,0
https://img-trendyol.mncdn.com/mnresize/415/622/assets/product/media/images/20191007/12/334649/17634781/1/1_org_zoom.jpg,415,622,13425,1
https://www.trendyol.com/Resources/images/svg/rating-and-review-big-star-orange.svg,-1,-1,596,0
https://img-trendyol.mncdn.com/assets/product/media/images/20191007/12/334649/17634781/1/1_org.jpg,287,430,7752,0
https://img-trendyol.mncdn.com/Assets/ProductImages/oa/58/6875908/1/8691913912348_2_org.jpg,287,430,4156,0
https://img-trendyol.mncdn.com/mnresize/415/622/Assets/ProductImages/oa/58/6875908/1/8691913912348_1_org_zoom.jpg,415,622,5383,1
https://www.trendyol.com/Content/images/defaultThumb.jpg,430,645,11442,0
https://static.dsmcdn.com/frontend/web/production/placeholderSmall.png,230,142,1248,0
https://www.trendyol.com/Resources/images/svg/rating-and-review-big-star-orange.svg,-1,-1,596,0
https://img-trendyol.mncdn.com/Assets/ProductImages/oa/58/6875908/1/8691913912348_1_org.jpg,287,430,2313,0
https://www.trendyol.com/Content/images/defaultThumb.jpg,430,645,11442,0
https://static.dsmcdn.com/frontend/web/production/placeholderSmall.png,230,142,1248,0
https://img-trendyol.mncdn.com/Assets/ProductImages/oa/60/2815529/1/8681999084305_1_org.jpg,287,430,23254,0
https://img-trendyol.mncdn.com/mnresize/415/622/Assets/ProductImages/oa/60/2815529/1/8681999084305_1_org_zoom.jpg,415,622,32895,1
https://www.trendyol.com/Resources/images/svg/rating-and-review-big-star-orange.svg,-1,-1,596,0
https://www.trendyol.com/Content/images/defaultThumb.jpg,430,645,11442,0
https://static.dsmcdn.com/frontend/web/production/placeholderSmall.png,230,142,1248,0
https://img-trendyol.mncdn.com/mnresize/415/622/assets/product/media/images/20191031/15/484824/17634783/1/1_org_zoom.jpg,415,622,14326,1
https://img-trendyol.mncdn.com/assets/product/media/images/20191031/15/484824/17634783/1/1_org.jpg,287,430,8308,0
https://www.trendyol.com/Resources/images/svg/rating-and-review-big-star-orange.svg,-1,-1,596,0
https://img-trendyol.mncdn.com/assets/product/media/images/20191010/9/355953/57374065/1/1_org.jpg,287,430,6156,0
https://img-trendyol.mncdn.com/assets/product/media/images/20191010/9/355953/57374074/1/1_org.jpg,287,430,8797,0
https://img-trendyol.mncdn.com/assets/product/media/images/20191010/9/355953/57374064/1/1_org.jpg,287,430,7965,0
https://img-trendyol.mncdn.com/assets/product/images/1869/51525746/1/1_org.jpg,287,430,7110,0
https://img-trendyol.mncdn.com/mnresize/415/622/assets/product/media/images/20191010/9/355953/57374065/1/1_org_zoom.jpg,415,622,10531,1
https://img-trendyol.mncdn.com/assets/product/media/images/20191010/9/355953/57374062/1/1_org.jpg,287,430,6320,0
https://img-trendyol.mncdn.com/assets/product/media/images/20191010/9/355953/57374257/1/1_org.jpg,287,430,7110,0
https://img-trendyol.mncdn.com/assets/product/images/1869/51525646/1/1_org.jpg,287,430,9630,0
https://img-trendyol.mncdn.com/assets/product/images/1869/51525696/1/1_org.jpg,287,430,7746,0
https://img-trendyol.mncdn.com/assets/product/media/images/20191010/9/355953/57374259/1/1_org.jpg,287,430,7290,0
https://img-trendyol.mncdn.com/assets/product/images/1869/51525096/1/1_org.jpg,287,430,7946,0
https://img-trendyol.mncdn.com/assets/product/images/1869/51525596/1/1_org.jpg,287,430,7533,0
https://www.trendyol.com/Resources/images/svg/rating-and-review-big-star-orange.svg,-1,-1,596,0
https://img-trendyol.mncdn.com/assets/product/media/images/20191010/9/355953/57374068/1/1_org.jpg,287,430,7086,0
https://img-trendyol.mncdn.com/assets/product/media/images/20191010/9/355953/57374072/1/1_org.jpg,287,430,9095,0
https://img-trendyol.mncdn.com/assets/product/images/1869/51525246/1/1_org.jpg,287,430,7832,0
https://img-trendyol.mncdn.com/assets/product/media/images/20191010/9/355953/57374066/1/1_org.jpg,287,430,8713,0
https://img-trendyol.mncdn.com/assets/product/images/1869/51525296/1/1_org.jpg,287,430,8610,0
https://img-trendyol.mncdn.com/assets/product/media/images/20191010/9/355953/57374071/1/1_org.jpg,287,430,7241,0
https://img-trendyol.mncdn.com/assets/product/media/images/20191010/9/355953/57374067/1/1_org.jpg,287,430,5980,0
https://img-trendyol.mncdn.com/assets/product/images/1869/51525146/1/1_org.jpg,287,430,8024,0
https://static.dsmcdn.com/frontend/web/production/placeholderSmall.png,230,142,1248,0
https://img-trendyol.mncdn.com/assets/product/media/images/20191010/9/355953/57374065/1/1_org.jpg,287,430,6156,0
https://www.trendyol.com/Content/images/defaultThumb.jpg,430,645,11442,0
https://static.dsmcdn.com/frontend/web/production/placeholderSmall.png,230,142,1248,0
https://img-trendyol.mncdn.com/Assets/ProductImages/161184/8058664055890_1_org.jpg,287,430,15310,0
https://img-trendyol.mncdn.com/mnresize/415/622/Assets/ProductImages/161184/8058664055890_1_org_zoom.jpg,415,622,18843,1
https://img-trendyol.mncdn.com/assets/product/media/images/20191114/9/574367/11913414/2/2_org.jpg,287,430,8837,0
https://www.trendyol.com/Content/images/defaultThumb.jpg,430,645,11442,0
https://img-trendyol.mncdn.com/mnresize/415/622/assets/product/media/images/20191114/9/574367/11913414/1/1_org_zoom.jpg,415,622,21019,1
https://static.dsmcdn.com/frontend/web/production/placeholderSmall.png,230,142,1248,0
https://img-trendyol.mncdn.com/assets/product/media/images/20191114/9/574367/11913414/3/3_org.jpg,287,430,13791,0
https://img-trendyol.mncdn.com/assets/product/media/images/20191114/9/574367/11913414/1/1_org.jpg,287,430,11741,0
https://www.trendyol.com/Resources/images/svg/rating-and-review-big-star-orange.svg,-1,-1,596,0
https://img-trendyol.mncdn.com/Assets/ProductImages/oa/58/6584648/1/8005475376775_3_org.jpg,287,430,6060,0
https://www.trendyol.com/Content/images/defaultThumb.jpg,430,645,11442,0
https://static.dsmcdn.com/frontend/web/production/placeholderSmall.png,230,142,1248,0
https://img-trendyol.mncdn.com/Assets/ProductImages/oa/58/6584648/1/8005475376775_1_org.jpg,287,430,7626,0
https://www.trendyol.com/Resources/images/svg/rating-and-review-big-star-orange.svg,-1,-1,596,0
https://img-trendyol.mncdn.com/mnresize/415/622/Assets/ProductImages/oa/58/6584648/1/8005475376775_1_org_zoom.jpg,415,622,18017,1
https://img-trendyol.mncdn.com/Assets/ProductImages/oa/58/6584648/1/8005475376775_2_org.jpg,287,430,6383,0
https://img-trendyol.mncdn.com/Assets/ProductImages/oa/60/2501332/1/8680126661044_1_org.jpg,287,430,14154,0
https://www.trendyol.com/Content/images/defaultThumb.jpg,430,645,11442,0
https://static.dsmcdn.com/frontend/web/production/placeholderSmall.png,230,142,1248,0
https://img-trendyol.mncdn.com/assets/product/images/81192/12881220/1/1_org.jpg,287,430,9380,0
https://img-trendyol.mncdn.com/Assets/ProductImages/oa/60/2501332/1/8680126661044_1_org.jpg,287,430,14154,0
https://img-trendyol.mncdn.com/mnresize/415/622/Assets/ProductImages/oa/60/2501332/1/8680126661044_1_org_zoom.jpg,415,622,19916,1
https://www.trendyol.com/Resources/images/svg/rating-and-review-big-star-orange.svg,-1,-1,596,0
https://img-trendyol.mncdn.com/Assets/ProductImages/oa/60/2665082/1/8692241152208_2_org.jpg,287,430,12318,0
https://img-trendyol.mncdn.com/Assets/ProductImages/oa/60/2665082/1/8692241152208_1_org.jpg,287,430,12714,0
https://www.trendyol.com/Content/images/defaultThumb.jpg,430,645,11442,0
https://static.dsmcdn.com/frontend/web/production/placeholderSmall.png,230,142,1248,0
https://www.trendyol.com/Resources/images/svg/rating-and-review-big-star-orange.svg,-1,-1,596,0
https://img-trendyol.mncdn.com/mnresize/415/622/Assets/ProductImages/oa/60/2665082/1/8692241152208_1_org_zoom.jpg,415,622,19429,1
https://img-trendyol.mncdn.com/Assets/ProductImages/oa/60/2603662/1/8680126625862_4_org.jpg,287,430,9553,0
https://www.trendyol.com/Content/images/defaultThumb.jpg,430,645,11442,0
https://static.dsmcdn.com/frontend/web/production/placeholderSmall.png,230,142,1248,0
https://img-trendyol.mncdn.com/mnresize/415/622/Assets/ProductImages/oa/60/2603662/1/8680126625862_1_org_zoom.jpg,415,622,18172,1
https://img-trendyol.mncdn.com/Assets/ProductImages/oa/60/2603662/1/8680126625862_3_org.jpg,287,430,21341,0
https://www.trendyol.com/Content/images/defaultThumb.jpg,430,645,11442,0
https://www.trendyol.com/Resources/images/svg/rating-and-review-big-star-orange.svg,-1,-1,596,0
https://img-trendyol.mncdn.com/Assets/ProductImages/oa/60/2603662/1/8680126625862_1_org.jpg,287,430,13312,0
https://img-trendyol.mncdn.com/Assets/ProductImages/oa/60/2603662/1/8680126625862_2_org.jpg,287,430,13785,0
https://img-trendyol.mncdn.com/Assets/ProductImages/oa/60/4390868/1/BRK4499_1_org.jpg,287,430,16886,0
https://www.trendyol.com/Content/images/defaultThumb.jpg,430,645,11442,0
https://static.dsmcdn.com/frontend/web/production/placeholderSmall.png,230,142,1248,0
https://img-trendyol.mncdn.com/Assets/ProductImages/oa/60/4390868/1/BRK4499_3_org.jpg,287,430,39074,0
https://img-trendyol.mncdn.com/Assets/ProductImages/oa/60/4534924/2/8690089071511_1_org.jpg,287,430,4526,0
https://img-trendyol.mncdn.com/mnresize/415/622/Assets/ProductImages/oa/60/4390868/1/BRK4499_1_org_zoom.jpg,415,622,24151,1
https://www.trendyol.com/Content/images/defaultThumb.jpg,430,645,11442,0
https://www.trendyol.com/Resources/images/svg/rating-and-review-big-star-orange.svg,-1,-1,596,0
https://img-trendyol.mncdn.com/Assets/ProductImages/oa/60/4390868/1/BRK4499_1_org.jpg,287,430,16886,0
https://img-trendyol.mncdn.com/Assets/ProductImages/oa/60/4390868/1/BRK4499_2_org.jpg,287,430,17530,0
https://img-trendyol.mncdn.com/Assets/ProductImages/oa/60/4390868/1/BRK4499_4_org.jpg,287,430,10456,0
https://img-trendyol.mncdn.com/mnresize/415/622/assets/product/images2/20190918/14/248956/56688337/1/1_org_zoom.jpg,415,622,18100,1
https://img-trendyol.mncdn.com/assets/product/images2/20190918/14/248956/56688337/2/2_org.jpg,287,430,10827,0
https://img-trendyol.mncdn.com/assets/product/images2/20190918/14/248956/56688337/3/3_org.jpg,287,430,10582,0
https://static.dsmcdn.com/frontend/web/production/placeholderSmall.png,230,142,1248,0
https://img-trendyol.mncdn.com/assets/product/images2/20190918/14/248956/56688337/4/4_org.jpg,287,430,18140,0
https://img-trendyol.mncdn.com/assets/product/images2/20190918/14/248956/56688337/1/1_org.jpg,287,430,11170,0
https://www.trendyol.com/Content/images/defaultThumb.jpg,430,645,11442,0
https://www.trendyol.com/Resources/images/svg/rating-and-review-big-star-orange.svg,-1,-1,596,0
https://img-trendyol.mncdn.com/assets/product/media/images/20191127/16/731703/59683334/1/1_org.jpg,287,430,8818,0
https://static.dsmcdn.com/frontend/web/production/placeholderSmall.png,230,142,1248,0
https://img-trendyol.mncdn.com/assets/product/media/images/20191127/16/731703/59683263/1/1_org.jpg,287,430,10935,0
https://img-trendyol.mncdn.com/mnresize/415/622/assets/product/media/images/20191127/16/731703/59683334/1/1_org_zoom.jpg,415,622,16332,1
https://img-trendyol.mncdn.com/assets/product/media/images/20191127/16/731703/59683265/1/1_org.jpg,287,430,9242,0
https://img-trendyol.mncdn.com/assets/product/media/images/20191127/16/731703/59683334/2/2_org.jpg,287,430,9242,0
https://www.trendyol.com/Content/images/defaultThumb.jpg,430,645,11442,0
https://img-trendyol.mncdn.com/assets/product/media/images/20191127/16/731703/59683334/1/1_org.jpg,287,430,8818,0
https://img-trendyol.mncdn.com/assets/product/media/images/20191127/16/731703/59683334/3/3_org.jpg,287,430,7980,0
https://img-trendyol.mncdn.com/assets/product/media/images/20191127/16/731703/59683336/1/1_org.jpg,287,430,12834,0
https://img-trendyol.mncdn.com/assets/product/media/images/20191127/16/731703/59683334/4/4_org.jpg,287,430,10935,0
https://img-trendyol.mncdn.com/assets/product/media/images/20190927/11/267459/56984342/4/4_org.jpg,287,430,17012,0
https://www.trendyol.com/Content/images/defaultThumb.jpg,430,645,11442,0
https://img-trendyol.mncdn.com/assets/product/media/images/20190927/11/267459/56984342/3/3_org.jpg,287,430,3933,0
https://static.dsmcdn.com/frontend/web/production/placeholderSmall.png,230,142,1248,0
https://img-trendyol.mncdn.com/assets/product/media/images/20190927/11/267459/56984342/1/1_org.jpg,287,430,17731,0
https://www.trendyol.com/Resources/images/svg/rating-and-review-big-star-orange.svg,-1,-1,596,0
https://img-trendyol.mncdn.com/assets/product/media/images/20190927/11/267459/56984342/2/2_org.jpg,287,430,39258,0
https://img-trendyol.mncdn.com/mnresize/415/622/assets/product/media/images/20190927/11/267459/56984342/1/1_org_zoom.jpg,415,622,28490,1
https://img-trendyol.mncdn.com/Assets/ProductImages/oa/58/6875919/1/8691913910443_2_org.jpg,287,430,5043,0
https://www.trendyol.com/Content/images/defaultThumb.jpg,430,645,11442,0
https://static.dsmcdn.com/frontend/web/production/placeholderSmall.png,230,142,1248,0
https://www.trendyol.com/Resources/images/svg/rating-and-review-big-star-orange.svg,-1,-1,596,0
https://img-trendyol.mncdn.com/Assets/ProductImages/oa/58/6875919/1/8691913910443_1_org.jpg,287,430,9250,0
https://img-trendyol.mncdn.com/mnresize/415/622/Assets/ProductImages/oa/58/6875919/1/8691913910443_1_org_zoom.jpg,415,622,19637,1
https://img-trendyol.mncdn.com/assets/product/media/images/20191127/16/731703/59683334/1/1_org.jpg,287,430,8818,0
https://img-trendyol.mncdn.com/assets/product/media/images/20191127/16/731703/59683336/1/1_org.jpg,287,430,12834,0
https://static.dsmcdn.com/frontend/web/production/placeholderSmall.png,230,142,1248,0
https://img-trendyol.mncdn.com/assets/product/media/images/20191127/16/731703/59683263/1/1_org.jpg,287,430,10935,0
https://img-trendyol.mncdn.com/assets/product/media/images/20191127/16/731703/59683265/1/1_org.jpg,287,430,9242,0
https://img-trendyol.mncdn.com/assets/product/media/images/20191127/16/731703/59683336/2/2_org.jpg,287,430,9242,0
https://img-trendyol.mncdn.com/assets/product/media/images/20191127/16/731703/59683336/4/4_org.jpg,287,430,8818,0
https://www.trendyol.com/Content/images/defaultThumb.jpg,430,645,11442,0
https://img-trendyol.mncdn.com/mnresize/415/622/assets/product/media/images/20191127/16/731703/59683336/1/1_org_zoom.jpg,415,622,22411,1
https://img-trendyol.mncdn.com/assets/product/media/images/20191127/16/731703/59683336/3/3_org.jpg,287,430,7994,0
https://img-trendyol.mncdn.com/assets/product/media/images/20191127/16/731703/59683336/1/1_org.jpg,287,430,12834,0
https://img-trendyol.mncdn.com/Assets/ProductImages/oa/60/2651588/1/8005475375815_1_org.jpg,287,430,17637,0
https://www.trendyol.com/Content/images/defaultThumb.jpg,430,645,11442,0
https://static.dsmcdn.com/frontend/web/production/placeholderSmall.png,230,142,1248,0
https://img-trendyol.mncdn.com/Assets/ProductImages/oa/60/2651588/1/8005475375815_1_org.jpg,287,430,17637,0
https://img-trendyol.mncdn.com/mnresize/415/622/Assets/ProductImages/oa/60/2651588/1/8005475375815_1_org_zoom.jpg,415,622,24754,1
https://img-trendyol.mncdn.com/Assets/ProductImages/oa/60/2651584/1/8005475375839_1_org.jpg,287,430,15445,0
https://www.trendyol.com/Resources/images/svg/rating-and-review-big-star-orange.svg,-1,-1,596,0
https://img-trendyol.mncdn.com/Assets/ProductImages/oa/60/2651588/1/8005475375815_2_org.jpg,287,430,29048,0
https://img-trendyol.mncdn.com/Assets/ProductImages/oa/60/4826860/1/8680126652110_4_org.jpg,287,430,30362,0
https://img-trendyol.mncdn.com/mnresize/415/622/Assets/ProductImages/oa/60/4826860/1/8680126652110_1_org_zoom.jpg,415,622,43340,1
https://www.trendyol.com/Content/images/defaultThumb.jpg,430,645,11442,0
https://img-trendyol.mncdn.com/Assets/ProductImages/oa/60/4826860/1/8680126652110_1_org.jpg,287,430,33387,0
https://static.dsmcdn.com/frontend/web/production/placeholderSmall.png,230,142,1248,0
https://www.trendyol.com/Resources/images/svg/rating-and-review-big-star-orange.svg,-1,-1,596,0
https://img-trendyol.mncdn.com/Assets/ProductImages/oa/60/4826860/1/8680126652110_2_org.jpg,287,430,36502,0
https://img-trendyol.mncdn.com/Assets/ProductImages/oa/60/4826860/1/8680126652110_3_org.jpg,287,430,29938,0
https://img-trendyol.mncdn.com/assets/product/media/images/20191101/11/485444/11913415/4/4_org.jpg,287,430,16241,0
https://www.trendyol.com/Content/images/defaultThumb.jpg,430,645,11442,0
https://static.dsmcdn.com/frontend/web/production/placeholderSmall.png,230,142,1248,0
https://img-trendyol.mncdn.com/assets/product/media/images/20191101/11/485444/11913415/1/1_org.jpg,287,430,14648,0
https://www.trendyol.com/Content/images/defaultThumb.jpg,430,645,11442,0
https://img-trendyol.mncdn.com/mnresize/415/622/assets/product/media/images/20191101/11/485444/11913415/1/1_org_zoom.jpg,415,622,25470,1
https://img-trendyol.mncdn.com/assets/product/media/images/20191101/11/485444/11913415/3/3_org.jpg,287,430,14615,0
https://www.trendyol.com/Resources/images/svg/rating-and-review-big-star-orange.svg,-1,-1,596,0
https://img-trendyol.mncdn.com/assets/product/media/images/20191101/11/485444/11913415/2/2_org.jpg,287,430,15593,0
https://img-trendyol.mncdn.com/assets/product/media/images/20191114/9/574367/17115425/1/1_org.jpg,287,430,10918,0
https://img-trendyol.mncdn.com/mnresize/415/622/assets/product/media/images/20191114/9/574367/17115425/1/1_org_zoom.jpg,415,622,19448,1
https://img-trendyol.mncdn.com/assets/product/media/images/20191114/9/574367/17115425/1/1_org.jpg,287,430,10918,0
https://img-trendyol.mncdn.com/assets/product/media/images/20191114/9/574367/17115424/1/1_org.jpg,287,430,12302,0
https://static.dsmcdn.com/frontend/web/production/placeholderSmall.png,230,142,1248,0
https://www.trendyol.com/Content/images/defaultThumb.jpg,430,645,11442,0
https://www.trendyol.com/Resources/images/svg/rating-and-review-big-star-orange.svg,-1,-1,596,0
https://img-trendyol.mncdn.com/assets/product/media/images/20191114/9/574367/17115425/2/2_org.jpg,287,430,10268,0
https://img-trendyol.mncdn.com/assets/product/media/images/20191114/9/574367/17115423/1/1_org.jpg,287,430,10482,0
https://img-trendyol.mncdn.com/assets/product/media/images/20191114/9/574367/17115425/3/3_org.jpg,287,430,8067,0
https://www.trendyol.com/Content/images/defaultThumb.jpg,430,645,11442,0
https://static.dsmcdn.com/frontend/web/production/placeholderSmall.png,230,142,1248,0
https://img-trendyol.mncdn.com/mnresize/415/622/assets/product/media/images/20191101/11/485444/9434076/1/1_org_zoom.jpg,415,622,19829,1
https://www.trendyol.com/Resources/images/svg/rating-and-review-big-star-orange.svg,-1,-1,596,0
https://img-trendyol.mncdn.com/assets/product/media/images/20191101/11/485444/9434076/1/1_org.jpg,287,430,11656,0
https://img-trendyol.mncdn.com/mnresize/415/622/assets/product/images/2619/52939746/1/1_org_zoom.jpg,415,622,12773,1
https://www.trendyol.com/Content/images/defaultThumb.jpg,430,645,11442,0
https://static.dsmcdn.com/frontend/web/production/placeholderSmall.png,230,142,1248,0
https://img-trendyol.mncdn.com/assets/product/images/2619/52939746/2/2_org.jpg,287,430,6384,0
https://img-trendyol.mncdn.com/assets/product/images/2619/52939746/1/1_org.jpg,287,430,7129,0
https://img-trendyol.mncdn.com/assets/product/images/2619/52939746/4/4_org.jpg,287,430,6547,0
https://www.trendyol.com/Content/images/defaultThumb.jpg,430,645,11442,0
https://www.trendyol.com/Resources/images/svg/rating-and-review-big-star-orange.svg,-1,-1,596,0
https://img-trendyol.mncdn.com/assets/product/images/2619/52939746/3/3_org.jpg,287,430,9262,0
https://www.trendyol.com/Content/images/defaultThumb.jpg,430,645,11442,0
https://static.dsmcdn.com/frontend/web/production/placeholderSmall.png,230,142,1248,0
https://img-trendyol.mncdn.com/assets/product/media/images/20191101/11/485444/9434077/1/1_org.jpg,287,430,12956,0
https://www.trendyol.com/Resources/images/svg/rating-and-review-big-star-orange.svg,-1,-1,596,0
https://img-trendyol.mncdn.com/mnresize/415/622/assets/product/media/images/20191101/11/485444/9434077/1/1_org_zoom.jpg,415,622,21200,1
https://img-trendyol.mncdn.com/assets/product/images/3210/53172746/1/1_org.jpg,287,430,15199,0
https://www.trendyol.com/Content/images/defaultThumb.jpg,430,645,11442,0
https://static.dsmcdn.com/frontend/web/production/placeholderSmall.png,230,142,1248,0
https://img-trendyol.mncdn.com/mnresize/415/622/assets/product/images/3210/53172746/1/1_org_zoom.jpg,415,622,25500,1
https://www.trendyol.com/Content/images/defaultThumb.jpg,430,645,11442,0
https://www.trendyol.com/Resources/images/svg/rating-and-review-big-star-orange.svg,-1,-1,596,0
https://img-trendyol.mncdn.com/assets/product/images/3210/53172746/4/4_org.jpg,287,430,12028,0
https://img-trendyol.mncdn.com/assets/product/images/3210/53172746/3/3_org.jpg,287,430,5889,0
https://img-trendyol.mncdn.com/assets/product/images/3210/53172746/2/2_org.jpg,287,430,13376,0
https://img-trendyol.mncdn.com/mnresize/415/622/Assets/ProductImages/oa/60/4563151/1/8698906951612_1_org_zoom.jpg,415,622,59235,1
https://www.trendyol.com/Content/images/defaultThumb.jpg,430,645,11442,0
https://static.dsmcdn.com/frontend/web/production/placeholderSmall.png,230,142,1248,0
https://img-trendyol.mncdn.com/Assets/ProductImages/oa/60/4563151/1/8698906951612_1_org.jpg,287,430,45420,0
https://www.trendyol.com/Resources/images/svg/rating-and-review-big-star-orange.svg,-1,-1,596,0
https://www.trendyol.com/Content/images/defaultThumb.jpg,430,645,11442,0
https://img-trendyol.mncdn.com/assets/product/images2/20190919/14/250700/56764077/1/1_org.jpg,287,430,17622,0
https://static.dsmcdn.com/frontend/web/production/placeholderSmall.png,230,142,1248,0
https://img-trendyol.mncdn.com/assets/product/images2/20190919/14/250700/56764077/3/3_org.jpg,287,430,19534,0
https://img-trendyol.mncdn.com/mnresize/415/622/assets/product/images2/20190919/14/250700/56764077/1/1_org_zoom.jpg,415,622,29793,1
https://www.trendyol.com/Resources/images/svg/rating-and-review-big-star-orange.svg,-1,-1,596,0
https://img-trendyol.mncdn.com/assets/product/images2/20190919/14/250700/56764077/2/2_org.jpg,287,430,15297,0
https://img-trendyol.mncdn.com/assets/product/media/images/20191127/16/731703/59683334/1/1_org.jpg,287,430,8818,0
https://static.dsmcdn.com/frontend/web/production/placeholderSmall.png,230,142,1248,0
https://img-trendyol.mncdn.com/assets/product/media/images/20191127/16/731703/59683263/1/1_org.jpg,287,430,10935,0
https://img-trendyol.mncdn.com/assets/product/media/images/20191127/16/731703/59683265/1/1_org.jpg,287,430,9242,0
https://img-trendyol.mncdn.com/assets/product/media/images/20191127/16/731703/59683336/1/1_org.jpg,287,430,12834,0
https://img-trendyol.mncdn.com/assets/product/media/images/20191127/16/731703/59683263/3/3_org.jpg,287,430,7980,0
https://img-trendyol.mncdn.com/assets/product/media/images/20191127/16/731703/59683263/2/2_org.jpg,287,430,9242,0
https://www.trendyol.com/Content/images/defaultThumb.jpg,430,645,11442,0
https://img-trendyol.mncdn.com/assets/product/media/images/20191127/16/731703/59683263/4/4_org.jpg,287,430,8818,0
https://img-trendyol.mncdn.com/assets/product/media/images/20191127/16/731703/59683263/1/1_org.jpg,287,430,10935,0
https://img-trendyol.mncdn.com/mnresize/415/622/assets/product/media/images/20191127/16/731703/59683263/1/1_org_zoom.jpg,415,622,19365,1
https://www.trendyol.com/Content/images/defaultThumb.jpg,430,645,11442,0
https://img-trendyol.mncdn.com/assets/product/media/images/20190925/15/262805/56911074/1/1_org.jpg,287,430,17379,0
https://static.dsmcdn.com/frontend/web/production/placeholderSmall.png,230,142,1248,0
https://img-trendyol.mncdn.com/assets/product/media/images/20190925/15/262805/56911074/4/4_org.jpg,287,430,37495,0
https://img-trendyol.mncdn.com/assets/product/media/images/20190925/15/262805/56911074/3/3_org.jpg,287,430,18073,0
https://www.trendyol.com/Resources/images/svg/rating-and-review-big-star-orange.svg,-1,-1,596,0
https://img-trendyol.mncdn.com/mnresize/415/622/assets/product/media/images/20190925/15/262805/56911074/1/1_org_zoom.jpg,415,622,27364,1
https://img-trendyol.mncdn.com/assets/product/media/images/20190925/15/262805/56911074/2/2_org.jpg,287,430,4089,0
https://img-trendyol.mncdn.com/assets/product/media/images/20191114/9/574367/17115425/1/1_org.jpg,287,430,10918,0
https://www.trendyol.com/Content/images/defaultThumb.jpg,430,645,11442,0
https://img-trendyol.mncdn.com/assets/product/media/images/20191114/9/574367/17115424/1/1_org.jpg,287,430,12302,0
https://static.dsmcdn.com/frontend/web/production/placeholderSmall.png,230,142,1248,0
https://img-trendyol.mncdn.com/mnresize/415/622/assets/product/media/images/20191114/9/574367/17115424/1/1_org_zoom.jpg,415,622,22184,1
https://img-trendyol.mncdn.com/assets/product/media/images/20191114/9/574367/17115424/1/1_org.jpg,287,430,12302,0
https://img-trendyol.mncdn.com/assets/product/media/images/20191114/9/574367/17115424/2/2_org.jpg,287,430,11686,0
https://www.trendyol.com/Resources/images/svg/rating-and-review-big-star-orange.svg,-1,-1,596,0
https://img-trendyol.mncdn.com/assets/product/media/images/20191114/9/574367/17115424/3/3_org.jpg,287,430,12367,0
https://img-trendyol.mncdn.com/assets/product/media/images/20191114/9/574367/17115423/1/1_org.jpg,287,430,10482,0
https://img-trendyol.mncdn.com/assets/product/media/images/20191114/9/574367/17115425/1/1_org.jpg,287,430,10918,0
https://img-trendyol.mncdn.com/assets/product/media/images/20191114/9/574367/17115423/3/3_org.jpg,287,430,16894,0
https://www.trendyol.com/Content/images/defaultThumb.jpg,430,645,11442,0
https://img-trendyol.mncdn.com/assets/product/media/images/20191114/9/574367/17115424/1/1_org.jpg,287,430,12302,0
https://static.dsmcdn.com/frontend/web/production/placeholderSmall.png,230,142,1248,0
https://img-trendyol.mncdn.com/assets/product/media/images/20191114/9/574367/17115423/1/1_org.jpg,287,430,10482,0
https://www.trendyol.com/Resources/images/svg/rating-and-review-big-star-orange.svg,-1,-1,596,0
https://img-trendyol.mncdn.com/mnresize/415/622/assets/product/media/images/20191114/9/574367/17115423/1/1_org_zoom.jpg,415,622,18596,1
https://img-trendyol.mncdn.com/assets/product/media/images/20191114/9/574367/17115423/2/2_org.jpg,287,430,9898,0
https://img-trendyol.mncdn.com/assets/product/media/images/20191114/9/574367/17115423/1/1_org.jpg,287,430,10482,0
https://img-trendyol.mncdn.com/assets/product/media/images/20191127/16/731703/59683334/1/1_org.jpg,287,430,8818,0
https://www.trendyol.com/Content/images/defaultThumb.jpg,430,645,11442,0
https://img-trendyol.mncdn.com/mnresize/415/622/assets/product/media/images/20191127/16/731703/59683265/1/1_org_zoom.jpg,415,622,16919,1
https://static.dsmcdn.com/frontend/web/production/placeholderSmall.png,230,142,1248,0
https://img-trendyol.mncdn.com/assets/product/media/images/20191127/16/731703/59683263/1/1_org.jpg,287,430,10935,0
https://img-trendyol.mncdn.com/assets/product/media/images/20191127/16/731703/59683265/1/1_org.jpg,287,430,9242,0
https://img-trendyol.mncdn.com/assets/product/media/images/20191127/16/731703/59683265/4/4_org.jpg,287,430,10935,0
https://img-trendyol.mncdn.com/assets/product/media/images/20191127/16/731703/59683265/1/1_org.jpg,287,430,9242,0
https://img-trendyol.mncdn.com/assets/product/media/images/20191127/16/731703/59683265/2/2_org.jpg,287,430,7980,0
https://www.trendyol.com/Content/images/defaultThumb.jpg,430,645,11442,0
https://www.trendyol.com/Resources/images/svg/rating-and-review-big-star-orange.svg,-1,-1,596,0
https://img-trendyol.mncdn.com/assets/product/media/images/20191127/16/731703/59683336/1/1_org.jpg,287,430,12834,0
https://img-trendyol.mncdn.com/assets/product/media/images/20191127/16/731703/59683265/3/3_org.jpg,287,430,8818,0
https://img-trendyol.mncdn.com/Assets/ProductImages/oa/58/6606088/1/86808072121071_1_org.jpg,287,430,8992,0
https://www.trendyol.com/Content/images/defaultThumb.jpg,430,645,11442,0
https://static.dsmcdn.com/frontend/web/production/placeholderSmall.png,230,142,1248,0
https://img-trendyol.mncdn.com/mnresize/415/622/Assets/ProductImages/oa/58/6606088/1/86808072121071_1_org_zoom.jpg,415,622,18555,1
https://img-trendyol.mncdn.com/Assets/ProductImages/oa/58/6606088/1/86808072121071_3_org.jpg,287,430,14360,0
https://www.trendyol.com/Resources/images/svg/rating-and-review-big-star-orange.svg,-1,-1,596,0
https://img-trendyol.mncdn.com/Assets/ProductImages/oa/58/6606088/1/86808072121071_2_org.jpg,287,430,11824,0
https://img-trendyol.mncdn.com/Assets/ProductImages/oa/60/2651588/1/8005475375815_1_org.jpg,287,430,17637,0
https://static.dsmcdn.com/frontend/web/production/placeholderSmall.png,230,142,1248,0
https://img-trendyol.mncdn.com/Assets/ProductImages/oa/60/2651584/1/8005475375839_1_org.jpg,287,430,15445,0
https://img-trendyol.mncdn.com/Assets/ProductImages/oa/60/2651584/1/8005475375839_1_org.jpg,287,430,15445,0
https://www.trendyol.com/Resources/images/svg/rating-and-review-big-star-orange.svg,-1,-1,596,0
https://img-trendyol.mncdn.com/mnresize/415/622/Assets/ProductImages/oa/60/2651584/1/8005475375839_1_org_zoom.jpg,415,622,21608,1
https://www.trendyol.com/Content/images/defaultThumb.jpg,430,645,11442,0
https://img-trendyol.mncdn.com/Assets/ProductImages/oa/60/3617207/1/8681999085081_1_org.jpg,287,430,12368,0
https://static.dsmcdn.com/frontend/web/production/placeholderSmall.png,230,142,1248,0
https://img-trendyol.mncdn.com/assets/product/media/images/20191115/9/611075/15464524/2/2_org.jpg,287,430,14867,0
https://img-trendyol.mncdn.com/assets/product/media/images/20191115/9/611075/15464524/3/3_org.jpg,287,430,14847,0
https://www.trendyol.com/Content/images/defaultThumb.jpg,430,645,11442,0
https://www.trendyol.com/Resources/images/svg/rating-and-review-big-star-orange.svg,-1,-1,596,0
https://img-trendyol.mncdn.com/assets/product/media/images/20191115/9/611075/15464524/1/1_org.jpg,287,430,14264,0
https://img-trendyol.mncdn.com/mnresize/415/622/Assets/ProductImages/oa/60/3617207/1/8681999085081_1_org_zoom.jpg,415,622,22779,1
